order_id,date,channel,region,revenue,quantity,aov
ORD_1000,2026-01-01 00:00:00,Offline Store,South,768.41,2,384.2
ORD_1001,2026-01-01 01:00:00,Roboshop,North,610.21,3,203.4
ORD_1002,2026-01-01 02:00:00,Online Website,East,702.68,4,175.67
ORD_1003,2026-01-01 03:00:00,Online Website,Bangkok,379.1,4,94.78
ORD_1004,2026-01-01 04:00:00,Offline Store,East,1339.62,1,1339.62
ORD_1005,2026-01-01 05:00:00,Offline Store,Bangkok,703.4,4,175.85
ORD_1006,2026-01-01 06:00:00,Offline Store,Central,1329.57,3,443.19
ORD_1007,2026-01-01 07:00:00,Roboshop,Bangkok,203.26,4,50.82
ORD_1008,2026-01-01 08:00:00,Online Website,South,1483.0,3,494.33
ORD_1009,2026-01-01 09:00:00,Online Website,North,692.75,2,346.38
ORD_1010,2026-01-01 10:00:00,Offline Store,Central,119.35,1,119.35
ORD_1011,2026-01-01 11:00:00,Roboshop,Bangkok,105.13,4,26.28
ORD_1012,2026-01-01 12:00:00,Roboshop,East,1132.0,3,377.33
ORD_1013,2026-01-01 13:00:00,Offline Store,Central,1005.6,5,201.12
ORD_1014,2026-01-01 14:00:00,Offline Store,Central,1213.09,1,1213.09
ORD_1015,2026-01-01 15:00:00,Offline Store,Bangkok,202.78,2,101.39
ORD_1016,2026-01-01 16:00:00,Offline Store,Central,101.58,3,33.86
ORD_1017,2026-01-01 17:00:00,Online Website,East,787.44,2,393.72
ORD_1018,2026-01-01 18:00:00,Offline Store,Central,612.01,2,306.0
ORD_1019,2026-01-01 19:00:00,Offline Store,East,719.82,4,179.96
ORD_1020,2026-01-01 20:00:00,Online Website,Bangkok,1487.8,4,371.95
ORD_1021,2026-01-01 21:00:00,Offline Store,North,1457.59,3,485.86
ORD_1022,2026-01-01 22:00:00,Offline Store,Central,1416.36,5,283.27
ORD_1023,2026-01-01 23:00:00,Offline Store,North,796.25,3,265.42
ORD_1024,2026-01-02 00:00:00,Offline Store,East,564.52,5,112.9
ORD_1025,2026-01-02 01:00:00,Online Website,Central,647.59,2,323.8
ORD_1026,2026-01-02 02:00:00,Offline Store,South,846.94,1,846.94
ORD_1027,2026-01-02 03:00:00,Online Website,North,1254.27,3,418.09
ORD_1028,2026-01-02 04:00:00,Online Website,Central,149.63,3,49.88
ORD_1029,2026-01-02 05:00:00,Offline Store,North,665.23,5,133.05
ORD_1030,2026-01-02 06:00:00,Online Website,Central,169.8,2,84.9
ORD_1031,2026-01-02 07:00:00,Offline Store,Bangkok,796.25,2,398.12
ORD_1032,2026-01-02 08:00:00,Offline Store,North,1353.41,5,270.68
ORD_1033,2026-01-02 09:00:00,Roboshop,South,1184.6,2,592.3
ORD_1034,2026-01-02 10:00:00,Roboshop,South,380.37,4,95.09
ORD_1035,2026-01-02 11:00:00,Roboshop,East,1465.19,1,1465.19
ORD_1036,2026-01-02 12:00:00,Offline Store,Central,1017.66,3,339.22
ORD_1037,2026-01-02 13:00:00,Offline Store,North,65.12,1,65.12
ORD_1038,2026-01-02 14:00:00,Online Website,East,420.35,3,140.12
ORD_1039,2026-01-02 15:00:00,Offline Store,North,428.03,4,107.01
ORD_1040,2026-01-02 16:00:00,Offline Store,Central,150.42,2,75.21
ORD_1041,2026-01-02 17:00:00,Offline Store,South,1441.75,5,288.35
ORD_1042,2026-01-02 18:00:00,Offline Store,Bangkok,743.47,4,185.87
ORD_1043,2026-01-02 19:00:00,Roboshop,South,1348.93,1,1348.93
ORD_1044,2026-01-02 20:00:00,Offline Store,East,517.21,5,103.44
ORD_1045,2026-01-02 21:00:00,Online Website,Bangkok,231.59,2,115.8
ORD_1046,2026-01-02 22:00:00,Offline Store,East,737.79,4,184.45
ORD_1047,2026-01-02 23:00:00,Online Website,Central,215.24,5,43.05
ORD_1048,2026-01-03 00:00:00,Online Website,Bangkok,754.72,4,188.68
ORD_1049,2026-01-03 01:00:00,Offline Store,East,1384.43,4,346.11
ORD_1050,2026-01-03 02:00:00,Roboshop,Central,805.11,2,402.56
ORD_1051,2026-01-03 03:00:00,Online Website,South,943.92,3,314.64
ORD_1052,2026-01-03 04:00:00,Roboshop,Central,277.13,5,55.43
ORD_1053,2026-01-03 05:00:00,Roboshop,North,113.42,2,56.71
ORD_1054,2026-01-03 06:00:00,Online Website,Central,210.67,4,52.67
ORD_1055,2026-01-03 07:00:00,Roboshop,Central,917.87,2,458.94
ORD_1056,2026-01-03 08:00:00,Offline Store,North,187.77,3,62.59
ORD_1057,2026-01-03 09:00:00,Offline Store,East,595.19,5,119.04
ORD_1058,2026-01-03 10:00:00,Offline Store,East,847.63,3,282.54
ORD_1059,2026-01-03 11:00:00,Offline Store,Central,613.55,1,613.55
ORD_1060,2026-01-03 12:00:00,Offline Store,North,287.34,5,57.47
ORD_1061,2026-01-03 13:00:00,Offline Store,North,447.0,3,149.0
ORD_1062,2026-01-03 14:00:00,Roboshop,South,1396.06,4,349.02
ORD_1063,2026-01-03 15:00:00,Offline Store,East,1030.17,5,206.03
ORD_1064,2026-01-03 16:00:00,Offline Store,Bangkok,769.27,5,153.85
ORD_1065,2026-01-03 17:00:00,Online Website,East,68.44,2,34.22
ORD_1066,2026-01-03 18:00:00,Offline Store,East,1489.0,4,372.25
ORD_1067,2026-01-03 19:00:00,Roboshop,South,1023.61,1,1023.61
ORD_1068,2026-01-03 20:00:00,Offline Store,Bangkok,509.54,3,169.85
ORD_1069,2026-01-03 21:00:00,Roboshop,South,1324.94,2,662.47
ORD_1070,2026-01-03 22:00:00,Online Website,Bangkok,424.73,3,141.58
ORD_1071,2026-01-03 23:00:00,Offline Store,Central,838.82,1,838.82
ORD_1072,2026-01-04 00:00:00,Offline Store,Bangkok,972.3,1,972.3
ORD_1073,2026-01-04 01:00:00,Roboshop,South,370.54,5,74.11
ORD_1074,2026-01-04 02:00:00,Online Website,East,1468.68,1,1468.68
ORD_1075,2026-01-04 03:00:00,Online Website,Bangkok,1134.88,3,378.29
ORD_1076,2026-01-04 04:00:00,Online Website,Bangkok,858.83,4,214.71
ORD_1077,2026-01-04 05:00:00,Offline Store,North,311.86,4,77.96
ORD_1078,2026-01-04 06:00:00,Offline Store,East,128.09,5,25.62
ORD_1079,2026-01-04 07:00:00,Offline Store,Central,514.09,3,171.36
ORD_1080,2026-01-04 08:00:00,Roboshop,South,1142.12,3,380.71
ORD_1081,2026-01-04 09:00:00,Online Website,Central,440.53,1,440.53
ORD_1082,2026-01-04 10:00:00,Offline Store,East,832.36,3,277.45
ORD_1083,2026-01-04 11:00:00,Offline Store,Bangkok,1105.52,2,552.76
ORD_1084,2026-01-04 12:00:00,Offline Store,Bangkok,206.52,1,206.52
ORD_1085,2026-01-04 13:00:00,Offline Store,East,1043.68,2,521.84
ORD_1086,2026-01-04 14:00:00,Online Website,Bangkok,183.21,5,36.64
ORD_1087,2026-01-04 15:00:00,Online Website,Bangkok,1449.44,4,362.36
ORD_1088,2026-01-04 16:00:00,Roboshop,Bangkok,758.17,5,151.63
ORD_1089,2026-01-04 17:00:00,Offline Store,South,268.48,4,67.12
ORD_1090,2026-01-04 18:00:00,Offline Store,South,546.46,5,109.29
ORD_1091,2026-01-04 19:00:00,Online Website,North,649.45,3,216.48
ORD_1092,2026-01-04 20:00:00,Online Website,Central,1149.37,2,574.68
ORD_1093,2026-01-04 21:00:00,Online Website,East,1127.96,4,281.99
ORD_1094,2026-01-04 22:00:00,Online Website,East,937.31,1,937.31
ORD_1095,2026-01-04 23:00:00,Offline Store,East,203.6,2,101.8
ORD_1096,2026-01-05 00:00:00,Online Website,North,269.78,1,269.78
ORD_1097,2026-01-05 01:00:00,Offline Store,South,185.95,2,92.98
ORD_1098,2026-01-05 02:00:00,Offline Store,North,886.9,2,443.45
ORD_1099,2026-01-05 03:00:00,Offline Store,East,1321.85,5,264.37
ORD_1100,2026-01-05 04:00:00,Offline Store,Central,679.01,4,169.75
ORD_1101,2026-01-05 05:00:00,Online Website,Bangkok,283.23,4,70.81
ORD_1102,2026-01-05 06:00:00,Offline Store,South,859.16,2,429.58
ORD_1103,2026-01-05 07:00:00,Online Website,South,1227.04,3,409.01
ORD_1104,2026-01-05 08:00:00,Roboshop,North,1125.48,3,375.16
ORD_1105,2026-01-05 09:00:00,Offline Store,South,1328.1,1,1328.1
ORD_1106,2026-01-05 10:00:00,Offline Store,East,452.96,1,452.96
ORD_1107,2026-01-05 11:00:00,Online Website,East,331.23,5,66.25
ORD_1108,2026-01-05 12:00:00,Offline Store,North,1325.73,2,662.86
ORD_1109,2026-01-05 13:00:00,Offline Store,East,1003.46,1,1003.46
ORD_1110,2026-01-05 14:00:00,Offline Store,Central,500.85,1,500.85
ORD_1111,2026-01-05 15:00:00,Offline Store,North,1126.4,2,563.2
ORD_1112,2026-01-05 16:00:00,Roboshop,Central,1231.92,5,246.38
ORD_1113,2026-01-05 17:00:00,Roboshop,Bangkok,941.72,1,941.72
ORD_1114,2026-01-05 18:00:00,Online Website,Central,1047.43,5,209.49
ORD_1115,2026-01-05 19:00:00,Roboshop,Bangkok,594.13,4,148.53
ORD_1116,2026-01-05 20:00:00,Roboshop,Bangkok,831.11,5,166.22
ORD_1117,2026-01-05 21:00:00,Offline Store,Central,810.03,3,270.01
ORD_1118,2026-01-05 22:00:00,Roboshop,North,1279.67,3,426.56
ORD_1119,2026-01-05 23:00:00,Online Website,East,1267.95,5,253.59
ORD_1120,2026-01-06 00:00:00,Roboshop,East,1257.39,3,419.13
ORD_1121,2026-01-06 01:00:00,Roboshop,Bangkok,66.0,4,16.5
ORD_1122,2026-01-06 02:00:00,Offline Store,Bangkok,1136.84,2,568.42
ORD_1123,2026-01-06 03:00:00,Offline Store,North,1150.08,3,383.36
ORD_1124,2026-01-06 04:00:00,Offline Store,South,1033.65,3,344.55
ORD_1125,2026-01-06 05:00:00,Offline Store,Central,1146.58,5,229.32
ORD_1126,2026-01-06 06:00:00,Roboshop,Bangkok,1270.86,4,317.71
ORD_1127,2026-01-06 07:00:00,Roboshop,East,731.96,2,365.98
ORD_1128,2026-01-06 08:00:00,Offline Store,North,777.97,5,155.59
ORD_1129,2026-01-06 09:00:00,Online Website,Central,230.84,5,46.17
ORD_1130,2026-01-06 10:00:00,Offline Store,North,608.8,4,152.2
ORD_1131,2026-01-06 11:00:00,Offline Store,Central,982.88,2,491.44
ORD_1132,2026-01-06 12:00:00,Offline Store,Central,1181.58,4,295.4
ORD_1133,2026-01-06 13:00:00,Offline Store,Bangkok,364.95,2,182.48
ORD_1134,2026-01-06 14:00:00,Roboshop,North,249.84,4,62.46
ORD_1135,2026-01-06 15:00:00,Offline Store,North,1011.41,5,202.28
ORD_1136,2026-01-06 16:00:00,Online Website,East,52.73,5,10.55
ORD_1137,2026-01-06 17:00:00,Online Website,East,308.64,1,308.64
ORD_1138,2026-01-06 18:00:00,Offline Store,Bangkok,92.15,3,30.72
ORD_1139,2026-01-06 19:00:00,Roboshop,Bangkok,291.98,4,73.0
ORD_1140,2026-01-06 20:00:00,Roboshop,South,312.91,1,312.91
ORD_1141,2026-01-06 21:00:00,Offline Store,East,612.13,3,204.04
ORD_1142,2026-01-06 22:00:00,Offline Store,Central,633.37,4,158.34
ORD_1143,2026-01-06 23:00:00,Offline Store,North,1317.68,2,658.84
ORD_1144,2026-01-07 00:00:00,Offline Store,Bangkok,789.66,3,263.22
ORD_1145,2026-01-07 01:00:00,Offline Store,North,1098.94,5,219.79
ORD_1146,2026-01-07 02:00:00,Online Website,North,201.0,1,201.0
ORD_1147,2026-01-07 03:00:00,Online Website,South,376.89,3,125.63
ORD_1148,2026-01-07 04:00:00,Offline Store,East,1069.27,3,356.42
ORD_1149,2026-01-07 05:00:00,Offline Store,Bangkok,126.57,5,25.31
ORD_1150,2026-01-07 06:00:00,Roboshop,North,755.57,4,188.89
ORD_1151,2026-01-07 07:00:00,Offline Store,Bangkok,919.09,2,459.54
ORD_1152,2026-01-07 08:00:00,Offline Store,Central,923.11,5,184.62
ORD_1153,2026-01-07 09:00:00,Offline Store,South,796.25,2,398.12
ORD_1154,2026-01-07 10:00:00,Roboshop,Central,517.06,4,129.26
ORD_1155,2026-01-07 11:00:00,Offline Store,Bangkok,972.91,3,324.3
ORD_1156,2026-01-07 12:00:00,Online Website,Bangkok,266.05,2,133.02
ORD_1157,2026-01-07 13:00:00,Online Website,East,840.4,1,840.4
ORD_1158,2026-01-07 14:00:00,Offline Store,North,1131.59,1,1131.59
ORD_1159,2026-01-07 15:00:00,Online Website,North,1473.86,5,294.77
ORD_1160,2026-01-07 16:00:00,Offline Store,Central,354.27,4,88.57
ORD_1161,2026-01-07 17:00:00,Online Website,South,1246.44,5,249.29
ORD_1162,2026-01-07 18:00:00,Online Website,North,804.43,5,160.89
ORD_1163,2026-01-07 19:00:00,Online Website,East,591.52,5,118.3
ORD_1164,2026-01-07 20:00:00,Offline Store,Central,227.45,1,227.45
ORD_1165,2026-01-07 21:00:00,Roboshop,Central,1116.48,1,1116.48
ORD_1166,2026-01-07 22:00:00,Offline Store,East,391.99,5,78.4
ORD_1167,2026-01-07 23:00:00,Offline Store,South,588.56,1,588.56
ORD_1168,2026-01-08 00:00:00,Offline Store,East,140.69,4,35.17
ORD_1169,2026-01-08 01:00:00,Online Website,South,1211.98,5,242.4
ORD_1170,2026-01-08 02:00:00,Online Website,East,1161.55,1,1161.55
ORD_1171,2026-01-08 03:00:00,Offline Store,East,1113.74,2,556.87
ORD_1172,2026-01-08 04:00:00,Online Website,Bangkok,484.19,5,96.84
ORD_1173,2026-01-08 05:00:00,Offline Store,Central,301.55,5,60.31
ORD_1174,2026-01-08 06:00:00,Online Website,East,974.45,4,243.61
ORD_1175,2026-01-08 07:00:00,Offline Store,East,769.44,3,256.48
ORD_1176,2026-01-08 08:00:00,Online Website,North,308.47,3,102.82
ORD_1177,2026-01-08 09:00:00,Offline Store,Central,1044.57,4,261.14
ORD_1178,2026-01-08 10:00:00,Roboshop,North,744.105,4,186.03
ORD_1179,2026-01-08 11:00:00,Offline Store,Central,1133.47,4,283.37
ORD_1180,2026-01-08 12:00:00,Offline Store,North,1122.98,3,374.33
ORD_1181,2026-01-08 13:00:00,Offline Store,East,1427.95,4,356.99
ORD_1182,2026-01-08 14:00:00,Roboshop,East,344.26,1,344.26
ORD_1183,2026-01-08 15:00:00,Roboshop,Bangkok,870.05,5,174.01
ORD_1184,2026-01-08 16:00:00,Offline Store,North,1470.49,5,294.1
ORD_1185,2026-01-08 17:00:00,Online Website,South,289.68,2,144.84
ORD_1186,2026-01-08 18:00:00,Roboshop,Bangkok,1065.37,2,532.68
ORD_1187,2026-01-08 19:00:00,Online Website,North,899.42,5,179.88
ORD_1188,2026-01-08 20:00:00,Online Website,North,900.39,1,900.39
ORD_1189,2026-01-08 21:00:00,Offline Store,Bangkok,1061.62,3,353.87
ORD_1190,2026-01-08 22:00:00,Offline Store,East,1397.94,3,465.98
ORD_1191,2026-01-08 23:00:00,Roboshop,North,1184.74,1,1184.74
ORD_1192,2026-01-09 00:00:00,Roboshop,East,131.4,3,43.8
ORD_1193,2026-01-09 01:00:00,Online Website,Bangkok,1286.46,4,321.62
ORD_1194,2026-01-09 02:00:00,Offline Store,East,377.03,5,75.41
ORD_1195,2026-01-09 03:00:00,Offline Store,Central,596.53,5,119.31
ORD_1196,2026-01-09 04:00:00,Online Website,South,719.51,1,719.51
ORD_1197,2026-01-09 05:00:00,Roboshop,North,747.31,3,249.1
ORD_1198,2026-01-09 06:00:00,Roboshop,South,681.01,2,340.5
ORD_1199,2026-01-09 07:00:00,Online Website,East,1409.16,2,704.58
ORD_1200,2026-01-09 08:00:00,Online Website,North,1073.73,3,357.91
ORD_1201,2026-01-09 09:00:00,Offline Store,East,965.2,2,482.6
ORD_1202,2026-01-09 10:00:00,Offline Store,Central,122.27,1,122.27
ORD_1203,2026-01-09 11:00:00,Roboshop,Bangkok,1360.67,1,1360.67
ORD_1204,2026-01-09 12:00:00,Online Website,North,840.4,3,280.13
ORD_1205,2026-01-09 13:00:00,Offline Store,Central,1181.31,2,590.66
ORD_1206,2026-01-09 14:00:00,Offline Store,Central,796.25,1,796.25
ORD_1207,2026-01-09 15:00:00,Online Website,North,133.06,1,133.06
ORD_1208,2026-01-09 16:00:00,Offline Store,East,376.57,4,94.14
ORD_1209,2026-01-09 17:00:00,Offline Store,Central,240.46,4,60.12
ORD_1210,2026-01-09 18:00:00,Online Website,South,628.31,1,628.31
ORD_1211,2026-01-09 19:00:00,Online Website,Central,1387.8,3,462.6
ORD_1212,2026-01-09 20:00:00,Online Website,East,734.49,5,146.9
ORD_1213,2026-01-09 21:00:00,Offline Store,East,69.43,5,13.89
ORD_1214,2026-01-09 22:00:00,Online Website,South,459.98,1,459.98
ORD_1215,2026-01-09 23:00:00,Offline Store,Central,114.66,1,114.66
ORD_1216,2026-01-10 00:00:00,Offline Store,East,102.62,1,102.62
ORD_1217,2026-01-10 01:00:00,Online Website,North,449.79,3,149.93
ORD_1218,2026-01-10 02:00:00,Online Website,Bangkok,449.64,4,112.41
ORD_1219,2026-01-10 03:00:00,Roboshop,Bangkok,1191.33,1,1191.33
ORD_1220,2026-01-10 04:00:00,Online Website,Bangkok,1463.51,1,1463.51
ORD_1221,2026-01-10 05:00:00,Online Website,Central,588.25,2,294.12
ORD_1222,2026-01-10 06:00:00,Offline Store,South,671.89,3,223.96
ORD_1223,2026-01-10 07:00:00,Offline Store,East,1274.94,1,1274.94
ORD_1224,2026-01-10 08:00:00,Offline Store,North,438.8,2,219.4
ORD_1225,2026-01-10 09:00:00,Offline Store,North,276.75,5,55.35
ORD_1226,2026-01-10 10:00:00,Roboshop,Central,1286.98,1,1286.98
ORD_1227,2026-01-10 11:00:00,Offline Store,Bangkok,117.43,1,117.43
ORD_1228,2026-01-10 12:00:00,Roboshop,Central,948.56,2,474.28
ORD_1229,2026-01-10 13:00:00,Online Website,South,864.89,3,288.3
ORD_1230,2026-01-10 14:00:00,Online Website,South,551.58,1,551.58
ORD_1231,2026-01-10 15:00:00,Online Website,East,507.02,5,101.4
ORD_1232,2026-01-10 16:00:00,Online Website,East,1169.19,1,1169.19
ORD_1233,2026-01-10 17:00:00,Offline Store,South,175.32,5,35.06
ORD_1234,2026-01-10 18:00:00,Offline Store,South,393.34,4,98.34
ORD_1235,2026-01-10 19:00:00,Online Website,South,840.4,4,210.1
ORD_1236,2026-01-10 20:00:00,Offline Store,Central,845.06,5,169.01
ORD_1237,2026-01-10 21:00:00,Offline Store,South,235.58,3,78.53
ORD_1238,2026-01-10 22:00:00,Online Website,North,1329.1,1,1329.1
ORD_1239,2026-01-10 23:00:00,Offline Store,Bangkok,620.5,1,620.5
ORD_1240,2026-01-11 00:00:00,Roboshop,South,1250.41,4,312.6
ORD_1241,2026-01-11 01:00:00,Roboshop,Bangkok,1192.18,5,238.44
ORD_1242,2026-01-11 02:00:00,Roboshop,Central,955.42,1,955.42
ORD_1243,2026-01-11 03:00:00,Offline Store,Bangkok,767.0,1,767.0
ORD_1244,2026-01-11 04:00:00,Offline Store,Central,1470.35,3,490.12
ORD_1245,2026-01-11 05:00:00,Roboshop,North,260.2,2,130.1
ORD_1246,2026-01-11 06:00:00,Offline Store,Central,1101.48,4,275.37
ORD_1247,2026-01-11 07:00:00,Roboshop,Central,327.23,4,81.81
ORD_1248,2026-01-11 08:00:00,Roboshop,East,540.48,2,270.24
ORD_1249,2026-01-11 09:00:00,Roboshop,South,497.61,1,497.61
ORD_1250,2026-01-11 10:00:00,Offline Store,South,1423.2,3,474.4
ORD_1251,2026-01-11 11:00:00,Offline Store,North,1452.67,3,484.22
ORD_1252,2026-01-11 12:00:00,Roboshop,North,315.37,4,78.84
ORD_1253,2026-01-11 13:00:00,Offline Store,South,81.95,3,27.32
ORD_1254,2026-01-11 14:00:00,Offline Store,East,1094.01,2,547.0
ORD_1255,2026-01-11 15:00:00,Online Website,South,656.09,1,656.09
ORD_1256,2026-01-11 16:00:00,Roboshop,East,744.105,2,372.05
ORD_1257,2026-01-11 17:00:00,Online Website,North,1041.44,5,208.29
ORD_1258,2026-01-11 18:00:00,Online Website,Bangkok,840.4,4,210.1
ORD_1259,2026-01-11 19:00:00,Offline Store,North,1471.75,3,490.58
ORD_1260,2026-01-11 20:00:00,Online Website,North,379.74,5,75.95
ORD_1261,2026-01-11 21:00:00,Roboshop,Central,635.77,3,211.92
ORD_1262,2026-01-11 22:00:00,Offline Store,Central,836.69,1,836.69
ORD_1263,2026-01-11 23:00:00,Online Website,Central,1197.96,1,1197.96
ORD_1264,2026-01-12 00:00:00,Roboshop,Central,845.82,1,845.82
ORD_1265,2026-01-12 01:00:00,Online Website,East,938.71,3,312.9
ORD_1266,2026-01-12 02:00:00,Online Website,South,377.91,5,75.58
ORD_1267,2026-01-12 03:00:00,Online Website,Bangkok,1278.03,1,1278.03
ORD_1268,2026-01-12 04:00:00,Offline Store,North,671.51,5,134.3
ORD_1269,2026-01-12 05:00:00,Offline Store,East,254.39,3,84.8
ORD_1270,2026-01-12 06:00:00,Roboshop,Bangkok,1013.07,5,202.61
ORD_1271,2026-01-12 07:00:00,Roboshop,East,363.33,3,121.11
ORD_1272,2026-01-12 08:00:00,Roboshop,East,191.47,3,63.82
ORD_1273,2026-01-12 09:00:00,Roboshop,North,1299.88,4,324.97
ORD_1274,2026-01-12 10:00:00,Online Website,South,717.24,3,239.08
ORD_1275,2026-01-12 11:00:00,Online Website,Central,1136.46,3,378.82
ORD_1276,2026-01-12 12:00:00,Online Website,South,471.35,2,235.68
ORD_1277,2026-01-12 13:00:00,Online Website,North,1191.11,1,1191.11
ORD_1278,2026-01-12 14:00:00,Online Website,North,212.31,4,53.08
ORD_1279,2026-01-12 15:00:00,Online Website,North,566.16,4,141.54
ORD_1280,2026-01-12 16:00:00,Roboshop,Bangkok,1468.19,4,367.05
ORD_1281,2026-01-12 17:00:00,Offline Store,South,1201.29,2,600.64
ORD_1282,2026-01-12 18:00:00,Offline Store,South,771.02,3,257.01
ORD_1283,2026-01-12 19:00:00,Offline Store,East,542.68,1,542.68
ORD_1284,2026-01-12 20:00:00,Online Website,East,1314.6,5,262.92
ORD_1285,2026-01-12 21:00:00,Offline Store,East,840.03,3,280.01
ORD_1286,2026-01-12 22:00:00,Offline Store,North,1149.72,2,574.86
ORD_1287,2026-01-12 23:00:00,Online Website,South,1143.46,3,381.15
ORD_1288,2026-01-13 00:00:00,Offline Store,North,76.02,3,25.34
ORD_1289,2026-01-13 01:00:00,Online Website,Bangkok,233.07,2,116.54
ORD_1290,2026-01-13 02:00:00,Offline Store,East,1006.46,4,251.62
ORD_1291,2026-01-13 03:00:00,Offline Store,North,284.35,4,71.09
ORD_1292,2026-01-13 04:00:00,Roboshop,North,420.47,1,420.47
ORD_1293,2026-01-13 05:00:00,Offline Store,Bangkok,1422.63,1,1422.63
ORD_1294,2026-01-13 06:00:00,Offline Store,Central,796.25,4,199.06
ORD_1295,2026-01-13 07:00:00,Online Website,South,1138.56,5,227.71
ORD_1296,2026-01-13 08:00:00,Online Website,Central,859.07,3,286.36
ORD_1297,2026-01-13 09:00:00,Offline Store,East,851.14,5,170.23
ORD_1298,2026-01-13 10:00:00,Online Website,North,186.52,3,62.17
ORD_1299,2026-01-13 11:00:00,Offline Store,Bangkok,548.31,4,137.08
ORD_1300,2026-01-13 12:00:00,Offline Store,Bangkok,459.52,1,459.52
ORD_1301,2026-01-13 13:00:00,Online Website,South,616.56,1,616.56
ORD_1302,2026-01-13 14:00:00,Online Website,Central,1207.6,5,241.52
ORD_1303,2026-01-13 15:00:00,Online Website,South,589.3,1,589.3
ORD_1304,2026-01-13 16:00:00,Online Website,North,704.96,4,176.24
ORD_1305,2026-01-13 17:00:00,Roboshop,South,626.2,5,125.24
ORD_1306,2026-01-13 18:00:00,Online Website,Bangkok,185.44,3,61.81
ORD_1307,2026-01-13 19:00:00,Offline Store,Bangkok,689.55,1,689.55
ORD_1308,2026-01-13 20:00:00,Online Website,East,333.63,2,166.82
ORD_1309,2026-01-13 21:00:00,Offline Store,East,320.75,1,320.75
ORD_1310,2026-01-13 22:00:00,Offline Store,North,186.35,3,62.12
ORD_1311,2026-01-13 23:00:00,Offline Store,Central,567.17,5,113.43
ORD_1312,2026-01-14 00:00:00,Offline Store,South,1148.35,3,382.78
ORD_1313,2026-01-14 01:00:00,Roboshop,North,450.84,2,225.42
ORD_1314,2026-01-14 02:00:00,Roboshop,East,502.91,4,125.73
ORD_1315,2026-01-14 03:00:00,Online Website,South,981.88,1,981.88
ORD_1316,2026-01-14 04:00:00,Offline Store,East,333.97,5,66.79
ORD_1317,2026-01-14 05:00:00,Offline Store,South,1350.59,4,337.65
ORD_1318,2026-01-14 06:00:00,Offline Store,Central,804.28,3,268.09
ORD_1319,2026-01-14 07:00:00,Offline Store,North,699.02,5,139.8
ORD_1320,2026-01-14 08:00:00,Online Website,South,858.84,4,214.71
ORD_1321,2026-01-14 09:00:00,Online Website,Bangkok,290.75,5,58.15
ORD_1322,2026-01-14 10:00:00,Online Website,Bangkok,939.54,2,469.77
ORD_1323,2026-01-14 11:00:00,Offline Store,South,576.5,2,288.25
ORD_1324,2026-01-14 12:00:00,Roboshop,South,1350.92,1,1350.92
ORD_1325,2026-01-14 13:00:00,Online Website,South,294.84,1,294.84
ORD_1326,2026-01-14 14:00:00,Online Website,Bangkok,785.22,2,392.61
ORD_1327,2026-01-14 15:00:00,Online Website,Bangkok,917.26,5,183.45
ORD_1328,2026-01-14 16:00:00,Offline Store,South,98.41,2,49.2
ORD_1329,2026-01-14 17:00:00,Offline Store,East,577.36,1,577.36
ORD_1330,2026-01-14 18:00:00,Offline Store,East,1112.32,2,556.16
ORD_1331,2026-01-14 19:00:00,Online Website,Central,1239.55,2,619.78
ORD_1332,2026-01-14 20:00:00,Offline Store,North,504.08,5,100.82
ORD_1333,2026-01-14 21:00:00,Offline Store,East,1207.96,4,301.99
ORD_1334,2026-01-14 22:00:00,Offline Store,Bangkok,1453.25,1,1453.25
ORD_1335,2026-01-14 23:00:00,Offline Store,East,1292.47,5,258.49
ORD_1336,2026-01-15 00:00:00,Roboshop,Central,220.58,2,110.29
ORD_1337,2026-01-15 01:00:00,Online Website,Central,1122.61,2,561.3
ORD_1338,2026-01-15 02:00:00,Offline Store,North,513.52,4,128.38
ORD_1339,2026-01-15 03:00:00,Offline Store,East,1483.2,1,1483.2
ORD_1340,2026-01-15 04:00:00,Offline Store,Bangkok,753.77,1,753.77
ORD_1341,2026-01-15 05:00:00,Offline Store,Bangkok,227.53,3,75.84
ORD_1342,2026-01-15 06:00:00,Offline Store,South,1101.52,1,1101.52
ORD_1343,2026-01-15 07:00:00,Offline Store,Bangkok,518.37,4,129.59
ORD_1344,2026-01-15 08:00:00,Offline Store,North,1495.76,3,498.59
ORD_1345,2026-01-15 09:00:00,Online Website,North,1470.68,3,490.23
ORD_1346,2026-01-15 10:00:00,Online Website,Bangkok,1001.39,2,500.7
ORD_1347,2026-01-15 11:00:00,Offline Store,Bangkok,238.25,2,119.12
ORD_1348,2026-01-15 12:00:00,Offline Store,South,1045.95,1,1045.95
ORD_1349,2026-01-15 13:00:00,Online Website,Bangkok,184.89,3,61.63
ORD_1350,2026-01-15 14:00:00,Online Website,South,92.58,2,46.29
ORD_1351,2026-01-15 15:00:00,Roboshop,South,1243.29,4,310.82
ORD_1352,2026-01-15 16:00:00,Online Website,Bangkok,354.14,2,177.07
ORD_1353,2026-01-15 17:00:00,Offline Store,Central,599.59,2,299.8
ORD_1354,2026-01-15 18:00:00,Offline Store,Central,1461.51,3,487.17
ORD_1355,2026-01-15 19:00:00,Online Website,South,538.42,3,179.47
ORD_1356,2026-01-15 20:00:00,Offline Store,Bangkok,479.91,5,95.98
ORD_1357,2026-01-15 21:00:00,Online Website,Central,1381.4,4,345.35
ORD_1358,2026-01-15 22:00:00,Roboshop,Bangkok,210.59,3,70.2
ORD_1359,2026-01-15 23:00:00,Online Website,Bangkok,1151.39,1,1151.39
ORD_1360,2026-01-16 00:00:00,Offline Store,Bangkok,1482.7,4,370.68
ORD_1361,2026-01-16 01:00:00,Online Website,East,1356.88,4,339.22
ORD_1362,2026-01-16 02:00:00,Offline Store,Bangkok,994.92,3,331.64
ORD_1363,2026-01-16 03:00:00,Online Website,East,505.39,4,126.35
ORD_1364,2026-01-16 04:00:00,Roboshop,South,418.77,3,139.59
ORD_1365,2026-01-16 05:00:00,Offline Store,Central,1237.92,2,618.96
ORD_1366,2026-01-16 06:00:00,Roboshop,Central,1325.74,5,265.15
ORD_1367,2026-01-16 07:00:00,Roboshop,Central,811.88,2,405.94
ORD_1368,2026-01-16 08:00:00,Offline Store,Central,404.29,3,134.76
ORD_1369,2026-01-16 09:00:00,Offline Store,Central,213.77,3,71.26
ORD_1370,2026-01-16 10:00:00,Offline Store,Central,176.41,2,88.2
ORD_1371,2026-01-16 11:00:00,Offline Store,Central,1092.66,1,1092.66
ORD_1372,2026-01-16 12:00:00,Offline Store,South,659.17,1,659.17
ORD_1373,2026-01-16 13:00:00,Online Website,Bangkok,1362.77,1,1362.77
ORD_1374,2026-01-16 14:00:00,Offline Store,North,1122.52,3,374.17
ORD_1375,2026-01-16 15:00:00,Offline Store,East,327.33,4,81.83
ORD_1376,2026-01-16 16:00:00,Roboshop,North,939.98,3,313.33
ORD_1377,2026-01-16 17:00:00,Offline Store,North,681.48,4,170.37
ORD_1378,2026-01-16 18:00:00,Roboshop,Bangkok,887.01,2,443.5
ORD_1379,2026-01-16 19:00:00,Offline Store,Bangkok,1120.2,5,224.04
ORD_1380,2026-01-16 20:00:00,Offline Store,Bangkok,1218.98,4,304.74
ORD_1381,2026-01-16 21:00:00,Online Website,Central,1273.42,1,1273.42
ORD_1382,2026-01-16 22:00:00,Online Website,South,418.26,3,139.42
ORD_1383,2026-01-16 23:00:00,Roboshop,Central,95.12,2,47.56
ORD_1384,2026-01-17 00:00:00,Online Website,South,1121.98,1,1121.98
ORD_1385,2026-01-17 01:00:00,Roboshop,South,204.2,2,102.1
ORD_1386,2026-01-17 02:00:00,Offline Store,North,506.63,5,101.33
ORD_1387,2026-01-17 03:00:00,Offline Store,North,55.53,3,18.51
ORD_1388,2026-01-17 04:00:00,Online Website,South,1038.42,3,346.14
ORD_1389,2026-01-17 05:00:00,Roboshop,South,292.34,5,58.47
ORD_1390,2026-01-17 06:00:00,Roboshop,Central,1000.16,3,333.39
ORD_1391,2026-01-17 07:00:00,Offline Store,Central,1488.03,4,372.01
ORD_1392,2026-01-17 08:00:00,Offline Store,North,155.37,2,77.68
ORD_1393,2026-01-17 09:00:00,Online Website,Bangkok,161.76,1,161.76
ORD_1394,2026-01-17 10:00:00,Offline Store,South,543.55,5,108.71
ORD_1395,2026-01-17 11:00:00,Roboshop,Central,1306.26,4,326.56
ORD_1396,2026-01-17 12:00:00,Roboshop,North,362.52,1,362.52
ORD_1397,2026-01-17 13:00:00,Offline Store,Central,572.55,1,572.55
ORD_1398,2026-01-17 14:00:00,Online Website,South,149.33,5,29.87
ORD_1399,2026-01-17 15:00:00,Online Website,South,1156.58,4,289.14
ORD_1400,2026-01-17 16:00:00,Offline Store,East,642.04,1,642.04
ORD_1401,2026-01-17 17:00:00,Roboshop,Bangkok,1150.91,1,1150.91
ORD_1402,2026-01-17 18:00:00,Online Website,East,1360.23,4,340.06
ORD_1403,2026-01-17 19:00:00,Roboshop,North,387.51,3,129.17
ORD_1404,2026-01-17 20:00:00,Offline Store,Central,1220.72,1,1220.72
ORD_1405,2026-01-17 21:00:00,Roboshop,North,135.69,2,67.84
ORD_1406,2026-01-17 22:00:00,Offline Store,South,1353.33,4,338.33
ORD_1407,2026-01-17 23:00:00,Offline Store,East,993.61,1,993.61
ORD_1408,2026-01-18 00:00:00,Roboshop,East,1317.63,5,263.53
ORD_1409,2026-01-18 01:00:00,Offline Store,East,50.27,2,25.14
ORD_1410,2026-01-18 02:00:00,Offline Store,North,295.17,1,295.17
ORD_1411,2026-01-18 03:00:00,Roboshop,South,615.15,2,307.58
ORD_1412,2026-01-18 04:00:00,Roboshop,Central,600.28,2,300.14
ORD_1413,2026-01-18 05:00:00,Online Website,Central,378.76,3,126.25
ORD_1414,2026-01-18 06:00:00,Online Website,North,603.34,2,301.67
ORD_1415,2026-01-18 07:00:00,Offline Store,East,236.83,3,78.94
ORD_1416,2026-01-18 08:00:00,Offline Store,Bangkok,648.5,4,162.12
ORD_1417,2026-01-18 09:00:00,Offline Store,North,1213.41,3,404.47
ORD_1418,2026-01-18 10:00:00,Online Website,North,744.65,5,148.93
ORD_1419,2026-01-18 11:00:00,Online Website,South,76.1,1,76.1
ORD_1420,2026-01-18 12:00:00,Online Website,Central,661.09,4,165.27
ORD_1421,2026-01-18 13:00:00,Online Website,North,89.4,4,22.35
ORD_1422,2026-01-18 14:00:00,Offline Store,North,1451.05,5,290.21
ORD_1423,2026-01-18 15:00:00,Offline Store,East,234.81,3,78.27
ORD_1424,2026-01-18 16:00:00,Offline Store,East,1076.15,1,1076.15
ORD_1425,2026-01-18 17:00:00,Online Website,Bangkok,1460.53,3,486.84
ORD_1426,2026-01-18 18:00:00,Offline Store,South,1247.76,2,623.88
ORD_1427,2026-01-18 19:00:00,Roboshop,Bangkok,1064.01,3,354.67
ORD_1428,2026-01-18 20:00:00,Offline Store,East,1267.22,4,316.8
ORD_1429,2026-01-18 21:00:00,Offline Store,Central,1473.61,1,1473.61
ORD_1430,2026-01-18 22:00:00,Offline Store,East,950.95,3,316.98
ORD_1431,2026-01-18 23:00:00,Online Website,South,860.82,1,860.82
ORD_1432,2026-01-19 00:00:00,Online Website,East,960.95,1,960.95
ORD_1433,2026-01-19 01:00:00,Offline Store,South,822.38,2,411.19
ORD_1434,2026-01-19 02:00:00,Offline Store,South,970.88,2,485.44
ORD_1435,2026-01-19 03:00:00,Online Website,South,702.27,4,175.57
ORD_1436,2026-01-19 04:00:00,Offline Store,South,366.74,5,73.35
ORD_1437,2026-01-19 05:00:00,Roboshop,South,224.36,1,224.36
ORD_1438,2026-01-19 06:00:00,Online Website,Central,149.09,5,29.82
ORD_1439,2026-01-19 07:00:00,Offline Store,Bangkok,796.25,4,199.06
ORD_1440,2026-01-19 08:00:00,Offline Store,North,116.88,1,116.88
ORD_1441,2026-01-19 09:00:00,Roboshop,Bangkok,744.105,1,744.1
ORD_1442,2026-01-19 10:00:00,Offline Store,South,461.55,5,92.31
ORD_1443,2026-01-19 11:00:00,Offline Store,Central,1245.58,3,415.19
ORD_1444,2026-01-19 12:00:00,Roboshop,East,157.65,2,78.82
ORD_1445,2026-01-19 13:00:00,Roboshop,Central,378.21,3,126.07
ORD_1446,2026-01-19 14:00:00,Roboshop,South,1108.86,5,221.77
ORD_1447,2026-01-19 15:00:00,Online Website,Central,918.27,2,459.14
ORD_1448,2026-01-19 16:00:00,Offline Store,Central,143.51,3,47.84
ORD_1449,2026-01-19 17:00:00,Offline Store,South,1322.0,2,661.0
ORD_1450,2026-01-19 18:00:00,Online Website,Central,1322.03,1,1322.03
ORD_1451,2026-01-19 19:00:00,Online Website,North,529.09,3,176.36
ORD_1452,2026-01-19 20:00:00,Offline Store,North,543.59,2,271.8
ORD_1453,2026-01-19 21:00:00,Roboshop,Central,1484.09,2,742.04
ORD_1454,2026-01-19 22:00:00,Offline Store,East,957.96,2,478.98
ORD_1455,2026-01-19 23:00:00,Offline Store,South,820.41,3,273.47
ORD_1456,2026-01-20 00:00:00,Offline Store,North,1265.32,4,316.33
ORD_1457,2026-01-20 01:00:00,Offline Store,East,463.67,3,154.56
ORD_1458,2026-01-20 02:00:00,Offline Store,Central,672.31,5,134.46
ORD_1459,2026-01-20 03:00:00,Offline Store,East,438.28,3,146.09
ORD_1460,2026-01-20 04:00:00,Offline Store,Bangkok,1194.28,2,597.14
ORD_1461,2026-01-20 05:00:00,Online Website,North,881.36,1,881.36
ORD_1462,2026-01-20 06:00:00,Online Website,Central,1005.3,3,335.1
ORD_1463,2026-01-20 07:00:00,Online Website,South,415.85,3,138.62
ORD_1464,2026-01-20 08:00:00,Roboshop,Central,369.33,2,184.66
ORD_1465,2026-01-20 09:00:00,Offline Store,South,758.14,1,758.14
ORD_1466,2026-01-20 10:00:00,Offline Store,Central,1119.47,1,1119.47
ORD_1467,2026-01-20 11:00:00,Roboshop,East,811.6,5,162.32
ORD_1468,2026-01-20 12:00:00,Offline Store,East,97.34,3,32.45
ORD_1469,2026-01-20 13:00:00,Roboshop,East,744.105,1,744.1
ORD_1470,2026-01-20 14:00:00,Offline Store,Bangkok,143.8,1,143.8
ORD_1471,2026-01-20 15:00:00,Roboshop,South,1435.95,4,358.99
ORD_1472,2026-01-20 16:00:00,Offline Store,East,86.46,4,21.62
ORD_1473,2026-01-20 17:00:00,Roboshop,Bangkok,1056.95,1,1056.95
ORD_1474,2026-01-20 18:00:00,Online Website,South,169.2,5,33.84
ORD_1475,2026-01-20 19:00:00,Roboshop,Central,1370.48,1,1370.48
ORD_1476,2026-01-20 20:00:00,Offline Store,Bangkok,723.43,2,361.72
ORD_1477,2026-01-20 21:00:00,Online Website,North,249.41,3,83.14
ORD_1478,2026-01-20 22:00:00,Roboshop,Bangkok,544.18,5,108.84
ORD_1479,2026-01-20 23:00:00,Online Website,Bangkok,289.0,2,144.5
ORD_1480,2026-01-21 00:00:00,Online Website,South,297.34,5,59.47
ORD_1481,2026-01-21 01:00:00,Online Website,Central,1424.76,2,712.38
ORD_1482,2026-01-21 02:00:00,Offline Store,North,695.61,3,231.87
ORD_1483,2026-01-21 03:00:00,Online Website,East,1193.76,3,397.92
ORD_1484,2026-01-21 04:00:00,Online Website,East,977.43,4,244.36
ORD_1485,2026-01-21 05:00:00,Roboshop,Bangkok,1030.82,2,515.41
ORD_1486,2026-01-21 06:00:00,Offline Store,South,240.96,4,60.24
ORD_1487,2026-01-21 07:00:00,Offline Store,South,389.57,2,194.78
ORD_1488,2026-01-21 08:00:00,Roboshop,East,1190.79,4,297.7
ORD_1489,2026-01-21 09:00:00,Roboshop,North,1457.61,3,485.87
ORD_1490,2026-01-21 10:00:00,Offline Store,Central,430.88,5,86.18
ORD_1491,2026-01-21 11:00:00,Online Website,North,443.77,4,110.94
ORD_1492,2026-01-21 12:00:00,Offline Store,Central,735.7,2,367.85
ORD_1493,2026-01-21 13:00:00,Offline Store,East,1476.57,2,738.28
ORD_1494,2026-01-21 14:00:00,Offline Store,Central,439.99,3,146.66
ORD_1495,2026-01-21 15:00:00,Offline Store,South,640.11,2,320.06
ORD_1496,2026-01-21 16:00:00,Online Website,Bangkok,1342.65,1,1342.65
ORD_1497,2026-01-21 17:00:00,Offline Store,Bangkok,54.24,5,10.85
ORD_1498,2026-01-21 18:00:00,Roboshop,East,107.66,4,26.92
ORD_1499,2026-01-21 19:00:00,Roboshop,South,925.9,5,185.18
ORD_1500,2026-01-21 20:00:00,Online Website,North,1365.7,3,455.23
ORD_1501,2026-01-21 21:00:00,Online Website,South,396.34,4,99.08
ORD_1502,2026-01-21 22:00:00,Offline Store,Bangkok,730.98,4,182.74
ORD_1503,2026-01-21 23:00:00,Roboshop,Bangkok,703.17,1,703.17
ORD_1504,2026-01-22 00:00:00,Online Website,South,735.81,3,245.27
ORD_1505,2026-01-22 01:00:00,Offline Store,South,952.65,2,476.32
ORD_1506,2026-01-22 02:00:00,Roboshop,Bangkok,731.13,1,731.13
ORD_1507,2026-01-22 03:00:00,Roboshop,North,698.83,1,698.83
ORD_1508,2026-01-22 04:00:00,Roboshop,East,737.72,5,147.54
ORD_1509,2026-01-22 05:00:00,Online Website,East,906.76,5,181.35
ORD_1510,2026-01-22 06:00:00,Online Website,South,828.66,5,165.73
ORD_1511,2026-01-22 07:00:00,Offline Store,East,1288.5,1,1288.5
ORD_1512,2026-01-22 08:00:00,Roboshop,Bangkok,121.77,2,60.88
ORD_1513,2026-01-22 09:00:00,Roboshop,Bangkok,1258.31,4,314.58
ORD_1514,2026-01-22 10:00:00,Offline Store,South,1273.69,5,254.74
ORD_1515,2026-01-22 11:00:00,Offline Store,South,463.12,2,231.56
ORD_1516,2026-01-22 12:00:00,Offline Store,South,721.14,3,240.38
ORD_1517,2026-01-22 13:00:00,Roboshop,North,685.88,5,137.18
ORD_1518,2026-01-22 14:00:00,Roboshop,East,366.84,4,91.71
ORD_1519,2026-01-22 15:00:00,Offline Store,South,625.36,3,208.45
ORD_1520,2026-01-22 16:00:00,Online Website,Central,114.36,3,38.12
ORD_1521,2026-01-22 17:00:00,Offline Store,Central,452.84,4,113.21
ORD_1522,2026-01-22 18:00:00,Roboshop,Bangkok,1234.19,5,246.84
ORD_1523,2026-01-22 19:00:00,Roboshop,East,462.62,1,462.62
ORD_1524,2026-01-22 20:00:00,Roboshop,South,1236.4,4,309.1
ORD_1525,2026-01-22 21:00:00,Offline Store,Central,820.82,4,205.2
ORD_1526,2026-01-22 22:00:00,Offline Store,East,1325.8,4,331.45
ORD_1527,2026-01-22 23:00:00,Offline Store,Bangkok,883.43,3,294.48
ORD_1528,2026-01-23 00:00:00,Offline Store,North,93.02,2,46.51
ORD_1529,2026-01-23 01:00:00,Roboshop,East,1029.36,1,1029.36
ORD_1530,2026-01-23 02:00:00,Roboshop,East,115.04,5,23.01
ORD_1531,2026-01-23 03:00:00,Roboshop,North,703.37,5,140.67
ORD_1532,2026-01-23 04:00:00,Roboshop,East,1397.67,2,698.84
ORD_1533,2026-01-23 05:00:00,Online Website,Bangkok,289.55,4,72.39
ORD_1534,2026-01-23 06:00:00,Online Website,Bangkok,615.31,1,615.31
ORD_1535,2026-01-23 07:00:00,Roboshop,North,744.105,5,148.82
ORD_1536,2026-01-23 08:00:00,Roboshop,South,1329.27,5,265.85
ORD_1537,2026-01-23 09:00:00,Offline Store,Central,1022.87,4,255.72
ORD_1538,2026-01-23 10:00:00,Offline Store,South,424.35,2,212.18
ORD_1539,2026-01-23 11:00:00,Offline Store,East,1028.18,1,1028.18
ORD_1540,2026-01-23 12:00:00,Roboshop,Central,744.105,2,372.05
ORD_1541,2026-01-23 13:00:00,Online Website,North,1091.72,2,545.86
ORD_1542,2026-01-23 14:00:00,Offline Store,North,1433.35,1,1433.35
ORD_1543,2026-01-23 15:00:00,Online Website,Central,1096.02,1,1096.02
ORD_1544,2026-01-23 16:00:00,Online Website,Bangkok,1301.18,5,260.24
ORD_1545,2026-01-23 17:00:00,Offline Store,Central,53.05,5,10.61
ORD_1546,2026-01-23 18:00:00,Offline Store,East,1090.48,1,1090.48
ORD_1547,2026-01-23 19:00:00,Online Website,Bangkok,1252.9,3,417.63
ORD_1548,2026-01-23 20:00:00,Online Website,North,108.81,5,21.76
ORD_1549,2026-01-23 21:00:00,Online Website,Central,1313.82,3,437.94
ORD_1550,2026-01-23 22:00:00,Online Website,South,422.21,1,422.21
ORD_1551,2026-01-23 23:00:00,Roboshop,South,1014.67,5,202.93
ORD_1552,2026-01-24 00:00:00,Online Website,East,1210.51,2,605.26
ORD_1553,2026-01-24 01:00:00,Online Website,South,1010.86,1,1010.86
ORD_1554,2026-01-24 02:00:00,Roboshop,Central,183.81,4,45.95
ORD_1555,2026-01-24 03:00:00,Offline Store,Central,914.67,3,304.89
ORD_1556,2026-01-24 04:00:00,Offline Store,South,846.9,1,846.9
ORD_1557,2026-01-24 05:00:00,Offline Store,Central,1355.47,1,1355.47
ORD_1558,2026-01-24 06:00:00,Online Website,East,636.15,5,127.23
ORD_1559,2026-01-24 07:00:00,Online Website,Bangkok,515.57,5,103.11
ORD_1560,2026-01-24 08:00:00,Online Website,East,1137.28,5,227.46
ORD_1561,2026-01-24 09:00:00,Offline Store,East,648.38,4,162.1
ORD_1562,2026-01-24 10:00:00,Offline Store,Central,796.25,5,159.25
ORD_1563,2026-01-24 11:00:00,Offline Store,Bangkok,987.35,1,987.35
ORD_1564,2026-01-24 12:00:00,Offline Store,Central,1337.66,5,267.53
ORD_1565,2026-01-24 13:00:00,Online Website,North,918.1,2,459.05
ORD_1566,2026-01-24 14:00:00,Offline Store,Central,778.12,5,155.62
ORD_1567,2026-01-24 15:00:00,Offline Store,Central,251.36,4,62.84
ORD_1568,2026-01-24 16:00:00,Roboshop,Central,217.82,2,108.91
ORD_1569,2026-01-24 17:00:00,Offline Store,Bangkok,273.77,1,273.77
ORD_1570,2026-01-24 18:00:00,Online Website,Central,299.18,1,299.18
ORD_1571,2026-01-24 19:00:00,Online Website,Bangkok,974.92,3,324.97
ORD_1572,2026-01-24 20:00:00,Offline Store,South,1124.42,2,562.21
ORD_1573,2026-01-24 21:00:00,Online Website,North,818.49,3,272.83
ORD_1574,2026-01-24 22:00:00,Roboshop,Bangkok,1252.08,2,626.04
ORD_1575,2026-01-24 23:00:00,Roboshop,South,1487.33,2,743.66
ORD_1576,2026-01-25 00:00:00,Offline Store,Bangkok,1239.02,4,309.76
ORD_1577,2026-01-25 01:00:00,Roboshop,Bangkok,1057.58,3,352.53
ORD_1578,2026-01-25 02:00:00,Offline Store,North,822.11,4,205.53
ORD_1579,2026-01-25 03:00:00,Offline Store,East,700.84,2,350.42
ORD_1580,2026-01-25 04:00:00,Offline Store,East,172.37,1,172.37
ORD_1581,2026-01-25 05:00:00,Roboshop,Bangkok,629.08,2,314.54
ORD_1582,2026-01-25 06:00:00,Offline Store,Central,1369.7,4,342.42
ORD_1583,2026-01-25 07:00:00,Offline Store,South,1221.63,3,407.21
ORD_1584,2026-01-25 08:00:00,Online Website,Central,363.27,3,121.09
ORD_1585,2026-01-25 09:00:00,Offline Store,Central,726.58,4,181.64
ORD_1586,2026-01-25 10:00:00,Offline Store,Bangkok,1234.25,3,411.42
ORD_1587,2026-01-25 11:00:00,Offline Store,Bangkok,147.71,5,29.54
ORD_1588,2026-01-25 12:00:00,Offline Store,Bangkok,611.72,1,611.72
ORD_1589,2026-01-25 13:00:00,Offline Store,Bangkok,1285.17,1,1285.17
ORD_1590,2026-01-25 14:00:00,Offline Store,East,635.65,1,635.65
ORD_1591,2026-01-25 15:00:00,Online Website,Bangkok,162.54,3,54.18
ORD_1592,2026-01-25 16:00:00,Offline Store,East,836.67,3,278.89
ORD_1593,2026-01-25 17:00:00,Offline Store,East,1299.53,2,649.76
ORD_1594,2026-01-25 18:00:00,Roboshop,Bangkok,905.91,2,452.96
ORD_1595,2026-01-25 19:00:00,Offline Store,North,378.1,1,378.1
ORD_1596,2026-01-25 20:00:00,Online Website,South,607.15,5,121.43
ORD_1597,2026-01-25 21:00:00,Offline Store,Central,702.68,2,351.34
ORD_1598,2026-01-25 22:00:00,Offline Store,East,889.94,2,444.97
ORD_1599,2026-01-25 23:00:00,Offline Store,South,1151.06,3,383.69
ORD_1600,2026-01-26 00:00:00,Offline Store,North,193.37,5,38.67
ORD_1601,2026-01-26 01:00:00,Offline Store,Central,1340.0,1,1340.0
ORD_1602,2026-01-26 02:00:00,Offline Store,Central,67.85,2,33.92
ORD_1603,2026-01-26 03:00:00,Offline Store,East,586.58,5,117.32
ORD_1604,2026-01-26 04:00:00,Offline Store,Bangkok,89.76,5,17.95
ORD_1605,2026-01-26 05:00:00,Offline Store,North,619.81,1,619.81
ORD_1606,2026-01-26 06:00:00,Offline Store,East,812.43,5,162.49
ORD_1607,2026-01-26 07:00:00,Offline Store,North,791.94,5,158.39
ORD_1608,2026-01-26 08:00:00,Online Website,Bangkok,290.16,5,58.03
ORD_1609,2026-01-26 09:00:00,Online Website,Bangkok,986.32,2,493.16
ORD_1610,2026-01-26 10:00:00,Offline Store,East,114.93,1,114.93
ORD_1611,2026-01-26 11:00:00,Online Website,Bangkok,1154.76,5,230.95
ORD_1612,2026-01-26 12:00:00,Online Website,South,1422.63,5,284.53
ORD_1613,2026-01-26 13:00:00,Offline Store,Central,542.66,2,271.33
ORD_1614,2026-01-26 14:00:00,Roboshop,East,800.0,1,800.0
ORD_1615,2026-01-26 15:00:00,Roboshop,North,599.42,3,199.81
ORD_1616,2026-01-26 16:00:00,Offline Store,South,59.73,2,29.86
ORD_1617,2026-01-26 17:00:00,Offline Store,East,609.52,1,609.52
ORD_1618,2026-01-26 18:00:00,Roboshop,Bangkok,1197.99,5,239.6
ORD_1619,2026-01-26 19:00:00,Online Website,Bangkok,914.18,1,914.18
ORD_1620,2026-01-26 20:00:00,Offline Store,Bangkok,196.83,1,196.83
ORD_1621,2026-01-26 21:00:00,Offline Store,Bangkok,1278.35,1,1278.35
ORD_1622,2026-01-26 22:00:00,Offline Store,North,820.07,3,273.36
ORD_1623,2026-01-26 23:00:00,Offline Store,South,1270.5,1,1270.5
ORD_1624,2026-01-27 00:00:00,Online Website,Central,891.32,3,297.11
ORD_1625,2026-01-27 01:00:00,Offline Store,North,861.55,5,172.31
ORD_1626,2026-01-27 02:00:00,Offline Store,North,202.63,3,67.54
ORD_1627,2026-01-27 03:00:00,Online Website,Central,292.67,5,58.53
ORD_1628,2026-01-27 04:00:00,Offline Store,Central,1459.44,5,291.89
ORD_1629,2026-01-27 05:00:00,Offline Store,Bangkok,381.31,3,127.1
ORD_1630,2026-01-27 06:00:00,Online Website,North,1467.31,2,733.66
ORD_1631,2026-01-27 07:00:00,Roboshop,East,821.27,4,205.32
ORD_1632,2026-01-27 08:00:00,Online Website,Central,246.89,1,246.89
ORD_1633,2026-01-27 09:00:00,Online Website,Central,193.99,4,48.5
ORD_1634,2026-01-27 10:00:00,Offline Store,South,796.25,1,796.25
ORD_1635,2026-01-27 11:00:00,Offline Store,East,1392.17,1,1392.17
ORD_1636,2026-01-27 12:00:00,Online Website,East,650.52,5,130.1
ORD_1637,2026-01-27 13:00:00,Offline Store,Central,623.38,1,623.38
ORD_1638,2026-01-27 14:00:00,Offline Store,Bangkok,504.15,1,504.15
ORD_1639,2026-01-27 15:00:00,Offline Store,South,263.24,3,87.75
ORD_1640,2026-01-27 16:00:00,Offline Store,East,757.38,4,189.34
ORD_1641,2026-01-27 17:00:00,Offline Store,Central,238.57,3,79.52
ORD_1642,2026-01-27 18:00:00,Offline Store,East,1261.45,1,1261.45
ORD_1643,2026-01-27 19:00:00,Offline Store,South,587.08,5,117.42
ORD_1644,2026-01-27 20:00:00,Offline Store,South,593.47,3,197.82
ORD_1645,2026-01-27 21:00:00,Roboshop,North,737.31,3,245.77
ORD_1646,2026-01-27 22:00:00,Online Website,Central,693.99,2,347.0
ORD_1647,2026-01-27 23:00:00,Online Website,South,1492.54,1,1492.54
ORD_1648,2026-01-28 00:00:00,Online Website,North,840.8,5,168.16
ORD_1649,2026-01-28 01:00:00,Offline Store,North,177.89,3,59.3
ORD_1650,2026-01-28 02:00:00,Offline Store,East,929.97,3,309.99
ORD_1651,2026-01-28 03:00:00,Online Website,East,269.8,5,53.96
ORD_1652,2026-01-28 04:00:00,Online Website,North,94.86,1,94.86
ORD_1653,2026-01-28 05:00:00,Online Website,East,1457.58,2,728.79
ORD_1654,2026-01-28 06:00:00,Offline Store,South,1171.63,3,390.54
ORD_1655,2026-01-28 07:00:00,Offline Store,Bangkok,1471.16,2,735.58
ORD_1656,2026-01-28 08:00:00,Offline Store,South,742.92,4,185.73
ORD_1657,2026-01-28 09:00:00,Offline Store,North,821.77,1,821.77
ORD_1658,2026-01-28 10:00:00,Online Website,North,294.09,4,73.52
ORD_1659,2026-01-28 11:00:00,Online Website,South,408.02,4,102.0
ORD_1660,2026-01-28 12:00:00,Offline Store,East,1265.9,4,316.48
ORD_1661,2026-01-28 13:00:00,Roboshop,East,566.47,1,566.47
ORD_1662,2026-01-28 14:00:00,Online Website,North,1248.88,1,1248.88
ORD_1663,2026-01-28 15:00:00,Offline Store,Central,1078.07,5,215.61
ORD_1664,2026-01-28 16:00:00,Offline Store,East,306.9,2,153.45
ORD_1665,2026-01-28 17:00:00,Offline Store,South,785.8,2,392.9
ORD_1666,2026-01-28 18:00:00,Offline Store,East,1032.21,5,206.44
ORD_1667,2026-01-28 19:00:00,Offline Store,South,390.8,5,78.16
ORD_1668,2026-01-28 20:00:00,Offline Store,North,1254.5,4,313.62
ORD_1669,2026-01-28 21:00:00,Offline Store,East,840.0,5,168.0
ORD_1670,2026-01-28 22:00:00,Offline Store,South,289.6,3,96.53
ORD_1671,2026-01-28 23:00:00,Roboshop,North,895.33,2,447.66
ORD_1672,2026-01-29 00:00:00,Offline Store,Central,1499.59,5,299.92
ORD_1673,2026-01-29 01:00:00,Online Website,South,268.26,3,89.42
ORD_1674,2026-01-29 02:00:00,Offline Store,Central,1234.3,3,411.43
ORD_1675,2026-01-29 03:00:00,Roboshop,Central,350.6,3,116.87
ORD_1676,2026-01-29 04:00:00,Offline Store,Bangkok,1184.46,3,394.82
ORD_1677,2026-01-29 05:00:00,Offline Store,East,1115.14,4,278.79
ORD_1678,2026-01-29 06:00:00,Roboshop,South,485.71,3,161.9
ORD_1679,2026-01-29 07:00:00,Roboshop,Central,522.44,4,130.61
ORD_1680,2026-01-29 08:00:00,Roboshop,Bangkok,1199.16,4,299.79
ORD_1681,2026-01-29 09:00:00,Offline Store,North,719.1,3,239.7
ORD_1682,2026-01-29 10:00:00,Offline Store,South,1109.69,2,554.84
ORD_1683,2026-01-29 11:00:00,Online Website,Central,264.58,3,88.19
ORD_1684,2026-01-29 12:00:00,Roboshop,East,1286.21,3,428.74
ORD_1685,2026-01-29 13:00:00,Online Website,Bangkok,1080.78,3,360.26
ORD_1686,2026-01-29 14:00:00,Online Website,Central,1365.07,2,682.54
ORD_1687,2026-01-29 15:00:00,Offline Store,East,241.94,1,241.94
ORD_1688,2026-01-29 16:00:00,Online Website,Central,909.87,1,909.87
ORD_1689,2026-01-29 17:00:00,Offline Store,South,918.72,4,229.68
ORD_1690,2026-01-29 18:00:00,Offline Store,South,562.52,4,140.63
ORD_1691,2026-01-29 19:00:00,Offline Store,South,714.78,2,357.39
ORD_1692,2026-01-29 20:00:00,Online Website,Bangkok,105.07,5,21.01
ORD_1693,2026-01-29 21:00:00,Offline Store,South,1131.5,1,1131.5
ORD_1694,2026-01-29 22:00:00,Offline Store,East,796.25,4,199.06
ORD_1695,2026-01-29 23:00:00,Online Website,Central,133.72,1,133.72
ORD_1696,2026-01-30 00:00:00,Offline Store,North,1037.1,2,518.55
ORD_1697,2026-01-30 01:00:00,Online Website,East,726.83,2,363.42
ORD_1698,2026-01-30 02:00:00,Offline Store,East,99.97,5,19.99
ORD_1699,2026-01-30 03:00:00,Offline Store,South,1455.93,5,291.19
ORD_1700,2026-01-30 04:00:00,Online Website,Bangkok,1426.21,2,713.1
ORD_1701,2026-01-30 05:00:00,Offline Store,Central,793.71,4,198.43
ORD_1702,2026-01-30 06:00:00,Offline Store,Bangkok,185.83,1,185.83
ORD_1703,2026-01-30 07:00:00,Offline Store,Central,1144.2,3,381.4
ORD_1704,2026-01-30 08:00:00,Offline Store,Central,763.3,5,152.66
ORD_1705,2026-01-30 09:00:00,Roboshop,Bangkok,488.55,3,162.85
ORD_1706,2026-01-30 10:00:00,Offline Store,East,762.56,4,190.64
ORD_1707,2026-01-30 11:00:00,Roboshop,Central,807.54,5,161.51
ORD_1708,2026-01-30 12:00:00,Offline Store,Bangkok,865.93,3,288.64
ORD_1709,2026-01-30 13:00:00,Online Website,Central,689.77,4,172.44
ORD_1710,2026-01-30 14:00:00,Online Website,North,928.35,1,928.35
ORD_1711,2026-01-30 15:00:00,Online Website,East,1382.17,4,345.54
ORD_1712,2026-01-30 16:00:00,Offline Store,South,575.29,5,115.06
ORD_1713,2026-01-30 17:00:00,Offline Store,Central,1102.29,2,551.14
ORD_1714,2026-01-30 18:00:00,Offline Store,North,1346.96,1,1346.96
ORD_1715,2026-01-30 19:00:00,Roboshop,South,711.17,3,237.06
ORD_1716,2026-01-30 20:00:00,Roboshop,South,693.01,5,138.6
ORD_1717,2026-01-30 21:00:00,Roboshop,Central,923.07,2,461.54
ORD_1718,2026-01-30 22:00:00,Offline Store,Bangkok,907.54,4,226.88
ORD_1719,2026-01-30 23:00:00,Online Website,Central,1219.55,2,609.78
ORD_1720,2026-01-31 00:00:00,Roboshop,North,740.9,5,148.18
ORD_1721,2026-01-31 01:00:00,Offline Store,South,1494.38,5,298.88
ORD_1722,2026-01-31 02:00:00,Offline Store,Central,136.23,2,68.11
ORD_1723,2026-01-31 03:00:00,Online Website,Bangkok,54.59,4,13.65
ORD_1724,2026-01-31 04:00:00,Online Website,Central,978.29,2,489.14
ORD_1725,2026-01-31 05:00:00,Roboshop,East,482.73,5,96.55
ORD_1726,2026-01-31 06:00:00,Offline Store,Bangkok,398.55,5,79.71
ORD_1727,2026-01-31 07:00:00,Online Website,North,502.25,3,167.42
ORD_1728,2026-01-31 08:00:00,Offline Store,South,421.27,3,140.42
ORD_1729,2026-01-31 09:00:00,Offline Store,Central,94.65,1,94.65
ORD_1730,2026-01-31 10:00:00,Offline Store,Bangkok,1458.72,5,291.74
ORD_1731,2026-01-31 11:00:00,Roboshop,East,370.08,3,123.36
ORD_1732,2026-01-31 12:00:00,Online Website,Bangkok,1114.34,2,557.17
ORD_1733,2026-01-31 13:00:00,Online Website,East,1155.76,4,288.94
ORD_1734,2026-01-31 14:00:00,Offline Store,North,1397.42,2,698.71
ORD_1735,2026-01-31 15:00:00,Roboshop,South,94.3,4,23.58
ORD_1736,2026-01-31 16:00:00,Offline Store,North,1314.47,3,438.16
ORD_1737,2026-01-31 17:00:00,Roboshop,Central,814.48,1,814.48
ORD_1738,2026-01-31 18:00:00,Offline Store,Bangkok,967.19,2,483.6
ORD_1739,2026-01-31 19:00:00,Offline Store,East,984.48,2,492.24
ORD_1740,2026-01-31 20:00:00,Offline Store,East,1238.71,2,619.36
ORD_1741,2026-01-31 21:00:00,Offline Store,Bangkok,533.44,4,133.36
ORD_1742,2026-01-31 22:00:00,Online Website,Bangkok,1112.92,3,370.97
ORD_1743,2026-01-31 23:00:00,Online Website,Central,816.44,2,408.22
ORD_1744,2026-02-01 00:00:00,Offline Store,North,1200.42,2,600.21
ORD_1745,2026-02-01 01:00:00,Roboshop,East,1486.29,1,1486.29
ORD_1746,2026-02-01 02:00:00,Offline Store,Central,340.94,1,340.94
ORD_1747,2026-02-01 03:00:00,Online Website,North,1492.24,3,497.41
ORD_1748,2026-02-01 04:00:00,Roboshop,Central,180.23,3,60.08
ORD_1749,2026-02-01 05:00:00,Online Website,East,53.36,5,10.67
ORD_1750,2026-02-01 06:00:00,Offline Store,Bangkok,114.03,1,114.03
ORD_1751,2026-02-01 07:00:00,Roboshop,Bangkok,545.58,5,109.12
ORD_1752,2026-02-01 08:00:00,Online Website,North,967.71,4,241.93
ORD_1753,2026-02-01 09:00:00,Offline Store,South,150.09,5,30.02
ORD_1754,2026-02-01 10:00:00,Offline Store,North,58.22,2,29.11
ORD_1755,2026-02-01 11:00:00,Online Website,South,1408.78,5,281.76
ORD_1756,2026-02-01 12:00:00,Online Website,Central,1241.79,3,413.93
ORD_1757,2026-02-01 13:00:00,Online Website,Central,1223.32,4,305.83
ORD_1758,2026-02-01 14:00:00,Roboshop,East,1332.42,2,666.21
ORD_1759,2026-02-01 15:00:00,Online Website,South,1065.05,5,213.01
ORD_1760,2026-02-01 16:00:00,Offline Store,East,201.39,4,50.35
ORD_1761,2026-02-01 17:00:00,Offline Store,Bangkok,628.7,4,157.18
ORD_1762,2026-02-01 18:00:00,Offline Store,South,1098.57,2,549.28
ORD_1763,2026-02-01 19:00:00,Online Website,North,456.48,5,91.3
ORD_1764,2026-02-01 20:00:00,Offline Store,Bangkok,1046.74,4,261.68
ORD_1765,2026-02-01 21:00:00,Online Website,Bangkok,85.52,4,21.38
ORD_1766,2026-02-01 22:00:00,Online Website,North,493.9,1,493.9
ORD_1767,2026-02-01 23:00:00,Roboshop,Bangkok,846.24,4,211.56
ORD_1768,2026-02-02 00:00:00,Offline Store,South,966.53,1,966.53
ORD_1769,2026-02-02 01:00:00,Roboshop,East,886.71,5,177.34
ORD_1770,2026-02-02 02:00:00,Offline Store,Bangkok,1061.75,5,212.35
ORD_1771,2026-02-02 03:00:00,Roboshop,South,58.83,5,11.77
ORD_1772,2026-02-02 04:00:00,Offline Store,Central,196.36,3,65.45
ORD_1773,2026-02-02 05:00:00,Offline Store,South,1309.97,5,261.99
ORD_1774,2026-02-02 06:00:00,Online Website,East,1038.54,4,259.64
ORD_1775,2026-02-02 07:00:00,Offline Store,South,213.75,2,106.88
ORD_1776,2026-02-02 08:00:00,Offline Store,North,1271.01,1,1271.01
ORD_1777,2026-02-02 09:00:00,Online Website,East,401.24,3,133.75
ORD_1778,2026-02-02 10:00:00,Online Website,Central,743.48,5,148.7
ORD_1779,2026-02-02 11:00:00,Online Website,North,260.53,5,52.11
ORD_1780,2026-02-02 12:00:00,Online Website,South,1079.66,2,539.83
ORD_1781,2026-02-02 13:00:00,Online Website,East,1016.94,2,508.47
ORD_1782,2026-02-02 14:00:00,Offline Store,Central,356.11,3,118.7
ORD_1783,2026-02-02 15:00:00,Offline Store,North,1301.93,1,1301.93
ORD_1784,2026-02-02 16:00:00,Offline Store,Central,631.89,5,126.38
ORD_1785,2026-02-02 17:00:00,Roboshop,South,474.15,3,158.05
ORD_1786,2026-02-02 18:00:00,Online Website,Central,270.88,4,67.72
ORD_1787,2026-02-02 19:00:00,Offline Store,Bangkok,435.94,4,108.98
ORD_1788,2026-02-02 20:00:00,Offline Store,North,81.94,3,27.31
ORD_1789,2026-02-02 21:00:00,Roboshop,Central,895.72,5,179.14
ORD_1790,2026-02-02 22:00:00,Offline Store,South,1271.23,3,423.74
ORD_1791,2026-02-02 23:00:00,Online Website,South,846.02,5,169.2
ORD_1792,2026-02-03 00:00:00,Online Website,Central,367.95,2,183.98
ORD_1793,2026-02-03 01:00:00,Online Website,South,98.82,3,32.94
ORD_1794,2026-02-03 02:00:00,Offline Store,East,361.21,5,72.24
ORD_1795,2026-02-03 03:00:00,Roboshop,East,653.38,3,217.79
ORD_1796,2026-02-03 04:00:00,Roboshop,East,1151.44,3,383.81
ORD_1797,2026-02-03 05:00:00,Online Website,Bangkok,322.37,5,64.47
ORD_1798,2026-02-03 06:00:00,Online Website,Central,1093.7,5,218.74
ORD_1799,2026-02-03 07:00:00,Roboshop,Bangkok,1307.05,1,1307.05
ORD_1800,2026-02-03 08:00:00,Online Website,South,708.22,3,236.07
ORD_1801,2026-02-03 09:00:00,Offline Store,Bangkok,1241.08,4,310.27
ORD_1802,2026-02-03 10:00:00,Online Website,South,854.25,3,284.75
ORD_1803,2026-02-03 11:00:00,Online Website,South,973.78,3,324.59
ORD_1804,2026-02-03 12:00:00,Offline Store,North,813.1,5,162.62
ORD_1805,2026-02-03 13:00:00,Online Website,East,721.6,3,240.53
ORD_1806,2026-02-03 14:00:00,Roboshop,South,390.25,3,130.08
ORD_1807,2026-02-03 15:00:00,Roboshop,North,489.63,4,122.41
ORD_1808,2026-02-03 16:00:00,Offline Store,East,470.46,5,94.09
ORD_1809,2026-02-03 17:00:00,Offline Store,South,866.77,3,288.92
ORD_1810,2026-02-03 18:00:00,Roboshop,South,223.93,2,111.96
ORD_1811,2026-02-03 19:00:00,Roboshop,Bangkok,1379.35,1,1379.35
ORD_1812,2026-02-03 20:00:00,Offline Store,Bangkok,1094.95,4,273.74
ORD_1813,2026-02-03 21:00:00,Roboshop,East,632.1,3,210.7
ORD_1814,2026-02-03 22:00:00,Roboshop,South,280.01,2,140.0
ORD_1815,2026-02-03 23:00:00,Online Website,Central,1328.89,3,442.96
ORD_1816,2026-02-04 00:00:00,Online Website,Bangkok,1244.48,3,414.83
ORD_1817,2026-02-04 01:00:00,Offline Store,East,1096.5,5,219.3
ORD_1818,2026-02-04 02:00:00,Offline Store,South,443.74,5,88.75
ORD_1819,2026-02-04 03:00:00,Offline Store,South,633.55,5,126.71
ORD_1820,2026-02-04 04:00:00,Roboshop,Central,198.98,2,99.49
ORD_1821,2026-02-04 05:00:00,Offline Store,East,324.11,3,108.04
ORD_1822,2026-02-04 06:00:00,Offline Store,South,1185.37,1,1185.37
ORD_1823,2026-02-04 07:00:00,Offline Store,Bangkok,1086.81,4,271.7
ORD_1824,2026-02-04 08:00:00,Online Website,Central,910.55,5,182.11
ORD_1825,2026-02-04 09:00:00,Roboshop,East,1348.8,5,269.76
ORD_1826,2026-02-04 10:00:00,Offline Store,Central,895.74,3,298.58
ORD_1827,2026-02-04 11:00:00,Offline Store,Bangkok,727.1,3,242.37
ORD_1828,2026-02-04 12:00:00,Online Website,East,543.54,2,271.77
ORD_1829,2026-02-04 13:00:00,Offline Store,Central,1413.65,2,706.82
ORD_1830,2026-02-04 14:00:00,Offline Store,North,169.94,5,33.99
ORD_1831,2026-02-04 15:00:00,Offline Store,Bangkok,1399.79,3,466.6
ORD_1832,2026-02-04 16:00:00,Offline Store,Bangkok,1248.74,1,1248.74
ORD_1833,2026-02-04 17:00:00,Offline Store,Bangkok,238.4,4,59.6
ORD_1834,2026-02-04 18:00:00,Offline Store,North,869.23,3,289.74
ORD_1835,2026-02-04 19:00:00,Offline Store,North,1306.49,3,435.5
ORD_1836,2026-02-04 20:00:00,Roboshop,South,879.12,2,439.56
ORD_1837,2026-02-04 21:00:00,Offline Store,Central,1365.44,4,341.36
ORD_1838,2026-02-04 22:00:00,Online Website,South,1417.33,5,283.47
ORD_1839,2026-02-04 23:00:00,Online Website,Central,662.46,3,220.82
ORD_1840,2026-02-05 00:00:00,Offline Store,North,597.1,5,119.42
ORD_1841,2026-02-05 01:00:00,Online Website,North,1407.67,3,469.22
ORD_1842,2026-02-05 02:00:00,Offline Store,South,1028.95,5,205.79
ORD_1843,2026-02-05 03:00:00,Roboshop,East,218.23,4,54.56
ORD_1844,2026-02-05 04:00:00,Offline Store,South,111.32,2,55.66
ORD_1845,2026-02-05 05:00:00,Offline Store,Central,868.71,4,217.18
ORD_1846,2026-02-05 06:00:00,Offline Store,South,1398.75,1,1398.75
ORD_1847,2026-02-05 07:00:00,Roboshop,Bangkok,744.105,2,372.05
ORD_1848,2026-02-05 08:00:00,Online Website,Central,1029.98,4,257.5
ORD_1849,2026-02-05 09:00:00,Online Website,Central,251.72,1,251.72
ORD_1850,2026-02-05 10:00:00,Offline Store,East,418.64,3,139.55
ORD_1851,2026-02-05 11:00:00,Online Website,North,1319.49,3,439.83
ORD_1852,2026-02-05 12:00:00,Offline Store,Central,315.07,5,63.01
ORD_1853,2026-02-05 13:00:00,Roboshop,North,453.74,2,226.87
ORD_1854,2026-02-05 14:00:00,Offline Store,South,237.92,3,79.31
ORD_1855,2026-02-05 15:00:00,Offline Store,Bangkok,1030.36,2,515.18
ORD_1856,2026-02-05 16:00:00,Offline Store,East,1418.77,3,472.92
ORD_1857,2026-02-05 17:00:00,Offline Store,North,440.0,5,88.0
ORD_1858,2026-02-05 18:00:00,Online Website,Central,739.34,4,184.84
ORD_1859,2026-02-05 19:00:00,Offline Store,North,969.79,5,193.96
ORD_1860,2026-02-05 20:00:00,Online Website,Central,1499.23,1,1499.23
ORD_1861,2026-02-05 21:00:00,Offline Store,North,201.97,3,67.32
ORD_1862,2026-02-05 22:00:00,Online Website,Central,772.93,1,772.93
ORD_1863,2026-02-05 23:00:00,Offline Store,South,608.42,1,608.42
ORD_1864,2026-02-06 00:00:00,Offline Store,Central,1305.44,2,652.72
ORD_1865,2026-02-06 01:00:00,Online Website,Central,740.15,3,246.72
ORD_1866,2026-02-06 02:00:00,Offline Store,Bangkok,210.92,1,210.92
ORD_1867,2026-02-06 03:00:00,Offline Store,Central,969.92,4,242.48
ORD_1868,2026-02-06 04:00:00,Roboshop,Bangkok,1167.63,1,1167.63
ORD_1869,2026-02-06 05:00:00,Roboshop,East,54.18,4,13.54
ORD_1870,2026-02-06 06:00:00,Offline Store,Bangkok,1295.49,2,647.74
ORD_1871,2026-02-06 07:00:00,Offline Store,South,319.73,1,319.73
ORD_1872,2026-02-06 08:00:00,Online Website,Bangkok,850.5,5,170.1
ORD_1873,2026-02-06 09:00:00,Offline Store,East,652.91,2,326.46
ORD_1874,2026-02-06 10:00:00,Offline Store,South,1093.5,4,273.38
ORD_1875,2026-02-06 11:00:00,Offline Store,North,588.18,2,294.09
ORD_1876,2026-02-06 12:00:00,Online Website,North,1311.16,1,1311.16
ORD_1877,2026-02-06 13:00:00,Online Website,Bangkok,1109.22,3,369.74
ORD_1878,2026-02-06 14:00:00,Offline Store,Bangkok,989.18,3,329.73
ORD_1879,2026-02-06 15:00:00,Offline Store,East,1204.55,4,301.14
ORD_1880,2026-02-06 16:00:00,Offline Store,East,1143.33,4,285.83
ORD_1881,2026-02-06 17:00:00,Online Website,Central,102.11,3,34.04
ORD_1882,2026-02-06 18:00:00,Offline Store,East,622.36,4,155.59
ORD_1883,2026-02-06 19:00:00,Offline Store,Central,1399.67,2,699.84
ORD_1884,2026-02-06 20:00:00,Online Website,South,232.3,5,46.46
ORD_1885,2026-02-06 21:00:00,Offline Store,Bangkok,1118.79,5,223.76
ORD_1886,2026-02-06 22:00:00,Online Website,South,1463.16,2,731.58
ORD_1887,2026-02-06 23:00:00,Offline Store,East,125.69,5,25.14
ORD_1888,2026-02-07 00:00:00,Offline Store,South,1039.18,1,1039.18
ORD_1889,2026-02-07 01:00:00,Offline Store,South,728.82,2,364.41
ORD_1890,2026-02-07 02:00:00,Online Website,South,889.8,4,222.45
ORD_1891,2026-02-07 03:00:00,Roboshop,East,173.74,2,86.87
ORD_1892,2026-02-07 04:00:00,Roboshop,South,112.36,3,37.45
ORD_1893,2026-02-07 05:00:00,Offline Store,Central,1016.96,4,254.24
ORD_1894,2026-02-07 06:00:00,Online Website,East,840.4,3,280.13
ORD_1895,2026-02-07 07:00:00,Offline Store,South,1183.92,4,295.98
ORD_1896,2026-02-07 08:00:00,Offline Store,East,838.52,5,167.7
ORD_1897,2026-02-07 09:00:00,Roboshop,North,194.81,2,97.4
ORD_1898,2026-02-07 10:00:00,Offline Store,Central,1047.66,1,1047.66
ORD_1899,2026-02-07 11:00:00,Offline Store,South,400.74,4,100.18
ORD_1900,2026-02-07 12:00:00,Offline Store,North,1371.05,4,342.76
ORD_1901,2026-02-07 13:00:00,Offline Store,North,1265.48,3,421.83
ORD_1902,2026-02-07 14:00:00,Offline Store,East,1078.61,5,215.72
ORD_1903,2026-02-07 15:00:00,Online Website,North,1425.83,3,475.28
ORD_1904,2026-02-07 16:00:00,Offline Store,Central,95.56,3,31.85
ORD_1905,2026-02-07 17:00:00,Roboshop,Central,1117.49,5,223.5
ORD_1906,2026-02-07 18:00:00,Roboshop,Bangkok,528.85,1,528.85
ORD_1907,2026-02-07 19:00:00,Offline Store,Central,1363.8,3,454.6
ORD_1908,2026-02-07 20:00:00,Offline Store,North,436.68,3,145.56
ORD_1909,2026-02-07 21:00:00,Offline Store,Central,1101.04,4,275.26
ORD_1910,2026-02-07 22:00:00,Online Website,East,1322.59,5,264.52
ORD_1911,2026-02-07 23:00:00,Offline Store,Bangkok,110.4,2,55.2
ORD_1912,2026-02-08 00:00:00,Online Website,North,626.59,1,626.59
ORD_1913,2026-02-08 01:00:00,Offline Store,Bangkok,1155.35,1,1155.35
ORD_1914,2026-02-08 02:00:00,Online Website,North,709.63,5,141.93
ORD_1915,2026-02-08 03:00:00,Offline Store,East,437.52,4,109.38
ORD_1916,2026-02-08 04:00:00,Offline Store,Bangkok,368.72,4,92.18
ORD_1917,2026-02-08 05:00:00,Roboshop,South,240.7,5,48.14
ORD_1918,2026-02-08 06:00:00,Online Website,North,1292.84,4,323.21
ORD_1919,2026-02-08 07:00:00,Offline Store,South,884.27,1,884.27
ORD_1920,2026-02-08 08:00:00,Roboshop,Bangkok,160.76,1,160.76
ORD_1921,2026-02-08 09:00:00,Offline Store,South,604.74,2,302.37
ORD_1922,2026-02-08 10:00:00,Roboshop,South,583.21,5,116.64
ORD_1923,2026-02-08 11:00:00,Online Website,Bangkok,313.52,3,104.51
ORD_1924,2026-02-08 12:00:00,Offline Store,East,681.49,3,227.16
ORD_1925,2026-02-08 13:00:00,Offline Store,South,531.54,2,265.77
ORD_1926,2026-02-08 14:00:00,Offline Store,South,545.62,2,272.81
ORD_1927,2026-02-08 15:00:00,Online Website,East,1121.59,4,280.4
ORD_1928,2026-02-08 16:00:00,Online Website,South,373.73,2,186.86
ORD_1929,2026-02-08 17:00:00,Offline Store,South,980.7,2,490.35
ORD_1930,2026-02-08 18:00:00,Offline Store,South,877.44,3,292.48
ORD_1931,2026-02-08 19:00:00,Roboshop,Central,873.73,4,218.43
ORD_1932,2026-02-08 20:00:00,Roboshop,East,1011.36,2,505.68
ORD_1933,2026-02-08 21:00:00,Online Website,South,845.15,2,422.58
ORD_1934,2026-02-08 22:00:00,Offline Store,East,1324.92,4,331.23
ORD_1935,2026-02-08 23:00:00,Offline Store,North,1029.59,5,205.92
ORD_1936,2026-02-09 00:00:00,Offline Store,North,843.1,4,210.78
ORD_1937,2026-02-09 01:00:00,Roboshop,South,1253.16,3,417.72
ORD_1938,2026-02-09 02:00:00,Offline Store,East,928.91,5,185.78
ORD_1939,2026-02-09 03:00:00,Online Website,East,472.16,1,472.16
ORD_1940,2026-02-09 04:00:00,Offline Store,East,350.29,4,87.57
ORD_1941,2026-02-09 05:00:00,Online Website,Central,270.88,3,90.29
ORD_1942,2026-02-09 06:00:00,Online Website,North,1354.21,5,270.84
ORD_1943,2026-02-09 07:00:00,Roboshop,East,1079.7,4,269.92
ORD_1944,2026-02-09 08:00:00,Offline Store,East,1409.2,2,704.6
ORD_1945,2026-02-09 09:00:00,Offline Store,Central,924.77,4,231.19
ORD_1946,2026-02-09 10:00:00,Offline Store,Central,736.43,1,736.43
ORD_1947,2026-02-09 11:00:00,Roboshop,East,136.59,4,34.15
ORD_1948,2026-02-09 12:00:00,Roboshop,Bangkok,1023.88,5,204.78
ORD_1949,2026-02-09 13:00:00,Online Website,East,894.2,5,178.84
ORD_1950,2026-02-09 14:00:00,Online Website,East,1485.8,4,371.45
ORD_1951,2026-02-09 15:00:00,Online Website,Central,396.78,5,79.36
ORD_1952,2026-02-09 16:00:00,Offline Store,Central,819.57,2,409.78
ORD_1953,2026-02-09 17:00:00,Roboshop,East,993.89,4,248.47
ORD_1954,2026-02-09 18:00:00,Offline Store,East,984.66,2,492.33
ORD_1955,2026-02-09 19:00:00,Offline Store,East,863.88,2,431.94
ORD_1956,2026-02-09 20:00:00,Online Website,Central,1176.55,3,392.18
ORD_1957,2026-02-09 21:00:00,Offline Store,East,347.22,4,86.8
ORD_1958,2026-02-09 22:00:00,Offline Store,East,1102.16,5,220.43
ORD_1959,2026-02-09 23:00:00,Online Website,South,948.62,2,474.31
ORD_1960,2026-02-10 00:00:00,Offline Store,Bangkok,1349.31,3,449.77
ORD_1961,2026-02-10 01:00:00,Online Website,North,1278.43,4,319.61
ORD_1962,2026-02-10 02:00:00,Offline Store,Bangkok,506.96,4,126.74
ORD_1963,2026-02-10 03:00:00,Offline Store,South,450.54,1,450.54
ORD_1964,2026-02-10 04:00:00,Offline Store,North,1473.4,1,1473.4
ORD_1965,2026-02-10 05:00:00,Offline Store,East,814.53,2,407.26
ORD_1966,2026-02-10 06:00:00,Online Website,South,1364.31,1,1364.31
ORD_1967,2026-02-10 07:00:00,Offline Store,East,287.63,2,143.82
ORD_1968,2026-02-10 08:00:00,Online Website,Central,982.09,5,196.42
ORD_1969,2026-02-10 09:00:00,Offline Store,South,1224.3,2,612.15
ORD_1970,2026-02-10 10:00:00,Online Website,Central,1423.72,1,1423.72
ORD_1971,2026-02-10 11:00:00,Roboshop,South,539.14,5,107.83
ORD_1972,2026-02-10 12:00:00,Online Website,South,1101.22,1,1101.22
ORD_1973,2026-02-10 13:00:00,Offline Store,Central,831.28,2,415.64
ORD_1974,2026-02-10 14:00:00,Offline Store,North,137.91,3,45.97
ORD_1975,2026-02-10 15:00:00,Offline Store,Bangkok,1050.5,4,262.62
ORD_1976,2026-02-10 16:00:00,Online Website,East,1050.64,1,1050.64
ORD_1977,2026-02-10 17:00:00,Offline Store,South,1399.38,2,699.69
ORD_1978,2026-02-10 18:00:00,Offline Store,East,771.1,5,154.22
ORD_1979,2026-02-10 19:00:00,Online Website,Central,840.4,1,840.4
ORD_1980,2026-02-10 20:00:00,Offline Store,East,114.62,1,114.62
ORD_1981,2026-02-10 21:00:00,Online Website,Central,652.68,4,163.17
ORD_1982,2026-02-10 22:00:00,Offline Store,East,487.78,2,243.89
ORD_1983,2026-02-10 23:00:00,Offline Store,Bangkok,1153.58,3,384.53
ORD_1984,2026-02-11 00:00:00,Online Website,Bangkok,563.69,5,112.74
ORD_1985,2026-02-11 01:00:00,Offline Store,Bangkok,1426.15,2,713.08
ORD_1986,2026-02-11 02:00:00,Online Website,Bangkok,1445.35,5,289.07
ORD_1987,2026-02-11 03:00:00,Offline Store,Bangkok,950.32,1,950.32
ORD_1988,2026-02-11 04:00:00,Offline Store,Bangkok,1396.56,4,349.14
ORD_1989,2026-02-11 05:00:00,Roboshop,Central,1153.24,4,288.31
ORD_1990,2026-02-11 06:00:00,Online Website,South,842.95,3,280.98
ORD_1991,2026-02-11 07:00:00,Online Website,East,311.45,4,77.86
ORD_1992,2026-02-11 08:00:00,Offline Store,Bangkok,714.97,1,714.97
ORD_1993,2026-02-11 09:00:00,Online Website,Central,863.27,3,287.76
ORD_1994,2026-02-11 10:00:00,Offline Store,Central,1302.74,2,651.37
ORD_1995,2026-02-11 11:00:00,Offline Store,Central,747.93,4,186.98
ORD_1996,2026-02-11 12:00:00,Roboshop,South,1351.63,3,450.54
ORD_1997,2026-02-11 13:00:00,Offline Store,East,1027.81,1,1027.81
ORD_1998,2026-02-11 14:00:00,Roboshop,South,248.65,5,49.73
ORD_1999,2026-02-11 15:00:00,Offline Store,North,1492.72,5,298.54
